dividend,j,steps_to_div,eps_years,b,cap,b_over_cap,b_over_K,N
d1,44,6,0.025000000000000022,9.752084051343662,9.752084052516707,0.9999999998797133,0.09752084051343662,180
d1,45,5,0.020833333333333343,8.12756264917619,8.127562650167341,0.9999999998780505,0.0812756264917619,180
d1,46,4,0.01666666666666669,6.502710960668238,6.502710961473035,0.9999999998762367,0.06502710960668238,180
d1,47,3,0.012500000000000011,4.877528918667994,4.877528919280394,0.9999999998744447,0.04877528918667994,180
d1,48,2,0.008333333333333331,3.252016456012153,3.2520164564262544,0.9999999998726633,0.03252016456012153,180
d1,49,1,0.00416666666666668,1.6261735055203737,1.6261735057296889,0.9999999998712836,0.016261735055203737,180
d1,50,0,0.0,68.60351378001093,,,0.6860351378001093,180
d1,51,-1,-0.004166666666666652,68.518099247082,,,0.6851809924708201,180
d2,104,6,0.024999999999999967,9.752084051343662,9.752084052516707,0.9999999998797133,0.09752084051343662,180
d2,105,5,0.020833333333333315,8.12756264917619,8.127562650167341,0.9999999998780505,0.0812756264917619,180
d2,106,4,0.016666666666666663,6.502710960668238,6.502710961473035,0.9999999998762367,0.06502710960668238,180
d2,107,3,0.012500000000000011,4.877528918667994,4.877528919280394,0.9999999998744447,0.04877528918667994,180
d2,108,2,0.008333333333333304,3.252016456012153,3.2520164564262544,0.9999999998726633,0.03252016456012153,180
d2,109,1,0.004166666666666652,1.6261735055203737,1.6261735057296889,0.9999999998712836,0.016261735055203737,180
d2,110,0,0.0,74.62592771145802,,,0.7462592771145802,180
d2,111,-1,-0.004166666666666652,74.5665525883163,,,0.745665525883163,180
d3,164,6,0.025000000000000022,9.752084051343662,9.752084052516707,0.9999999998797133,0.09752084051343662,180
d3,165,5,0.02083333333333337,8.12756264917619,8.127562650167341,0.9999999998780505,0.0812756264917619,180
d3,166,4,0.01666666666666672,6.502710960668238,6.502710961473035,0.9999999998762367,0.06502710960668238,180
d3,167,3,0.012500000000000067,4.877528918667994,4.877528919280394,0.9999999998744447,0.04877528918667994,180
d3,168,2,0.008333333333333415,3.252016456012153,3.2520164564262544,0.9999999998726633,0.03252016456012153,180
d3,169,1,0.004166666666666763,1.6261735055203737,1.6261735057296889,0.9999999998712836,0.016261735055203737,180
d3,170,0,0.0,89.34826691163686,,,0.8934826691163685,180
d3,171,-1,-0.004166666666666652,89.79691872730078,,,0.8979691872730078,180
d1,94,6,0.012500000000000011,4.8775289184842965,4.877528919280394,0.9999999998367827,0.04877528918484297,360
d1,95,5,0.010416666666666685,4.064813993967133,4.064813994634875,0.9999999998357262,0.04064813993967133,360
d1,96,4,0.008333333333333331,3.2520164558881195,3.2520164564262544,0.9999999998345227,0.032520164558881196,360
d1,97,3,0.0062500000000000056,2.4391362958517178,2.4391362962576935,0.9999999998335576,0.02439136295851718,360
d1,98,2,0.00416666666666668,1.626173505458431,1.6261735057296889,0.9999999998331925,0.01626173505458431,360
d1,99,1,0.0020833333333333537,0.8131280763075149,0.8131280764445137,0.9999999998315164,0.00813128076307515,360
d1,100,0,0.0,68.39858121398821,,,0.6839858121398821,360
d1,101,-1,-0.002083333333333326,68.35685685191645,,,0.6835685685191645,360
d2,214,6,0.012500000000000011,4.8775289184842965,4.877528919280394,0.9999999998367827,0.04877528918484297,360
d2,215,5,0.01041666666666663,4.064813993967133,4.064813994634875,0.9999999998357262,0.04064813993967133,360
d2,216,4,0.008333333333333304,3.2520164558881195,3.2520164564262544,0.9999999998345227,0.032520164558881196,360
d2,217,3,0.006249999999999978,2.4391362958517178,2.4391362962576935,0.9999999998335576,0.02439136295851718,360
d2,218,2,0.004166666666666652,1.626173505458431,1.6261735057296889,0.9999999998331925,0.01626173505458431,360
d2,219,1,0.002083333333333326,0.8131280763075149,0.8131280764445137,0.9999999998315164,0.00813128076307515,360
d2,220,0,0.0,74.4035871907013,,,0.744035871907013,360
d2,221,-1,-0.002083333333333326,74.37539085694478,,,0.7437539085694478,360
d3,334,6,0.012500000000000067,4.8775289184842965,4.877528919280394,0.9999999998367827,0.04877528918484297,360
d3,335,5,0.01041666666666674,4.064813993967133,4.064813994634875,0.9999999998357262,0.04064813993967133,360
d3,336,4,0.008333333333333415,3.2520164558881195,3.2520164564262544,0.9999999998345227,0.032520164558881196,360
d3,337,3,0.006250000000000089,2.4391362958517178,2.4391362962576935,0.9999999998335576,0.02439136295851718,360
d3,338,2,0.004166666666666763,1.626173505458431,1.6261735057296889,0.9999999998331925,0.01626173505458431,360
d3,339,1,0.002083333333333326,0.8131280763075149,0.8131280764445137,0.9999999998315164,0.00813128076307515,360
d3,340,0,0.0,89.05651943291386,,,0.8905651943291386,360
d3,341,-1,-0.002083333333333326,89.27581371197961,,,0.8927581371197961,360
