N,delta,refinement,dV_spots,dV_grid,db,seconds,baseline_seconds
180,0.0,spatial dx/2,1.0518209331067396e-05,1.3150378315174294e-05,0.001079352573086112,0.34525980799998024,0.12041304799998898
180,0.0,spatial dx/4,1.3283884241488408e-05,1.3454527135081662e-05,0.0010203959672594465,1.011202322000031,0.12041304799998898
180,0.0,time h/2 (substeps=2),1.2076473154820633e-09,1.2255831904894876e-09,1.4198067788129265e-07,0.2233765759999642,0.12041304799998898
180,0.0,time h/4 (substeps=4),3.4626346234745142e-09,3.5063383307942786e-09,4.259877215417873e-07,0.39050846299994646,0.12041304799998898
180,0.0,domain wider,0.0,0.0,0.0,0.16809363100003338,0.12041304799998898
180,0.0,kernel tails n_sd=14,0.0,7.105427357601002e-15,2.984279490192421e-13,0.124334311000041,0.12041304799998898
180,0.0125,spatial dx/2,1.1956482783403999e-05,1.2107273974493182e-05,0.001079352573086112,0.33313201099997514,0.11405356000000211
180,0.0125,spatial dx/4,1.5245213539571978e-05,1.3878489256491378e-05,0.0010203959672594465,1.0683811139999762,0.11405356000000211
180,0.0125,time h/2 (substeps=2),9.750866780677825e-10,9.963940783563885e-10,1.4198067788129265e-07,0.2070514079999839,0.11405356000000211
180,0.0125,time h/4 (substeps=4),2.708517854443926e-09,2.7951223557920457e-09,4.259877215417873e-07,0.35838694299997087,0.11405356000000211
180,0.0125,domain wider,0.0,0.0,0.0,0.1420664679999959,0.11405356000000211
180,0.0125,kernel tails n_sd=14,0.0,3.552713678800501e-15,1.1368683772161603e-12,0.12251888600002303,0.11405356000000211
360,0.0,spatial dx/2,1.1255457829761895e-05,1.3150378315174294e-05,0.0012610535198973594,0.5268158220000032,0.2638671110000246
360,0.0,spatial dx/4,1.4001554360376645e-05,1.3454527135081662e-05,0.0012589079961173866,1.6477745459999937,0.2638671110000246
360,0.0,time h/2 (substeps=2),2.327391612766405e-09,2.353194972215533e-09,5.322891638570582e-07,0.3766414020000184,0.2638671110000246
360,0.0,time h/4 (substeps=4),7.199730589491082e-09,7.2903354464415315e-09,1.5968314812653261e-06,0.4457259789999739,0.2638671110000246
360,0.0,domain wider,0.0,0.0,0.0,0.3243248290000338,0.2638671110000246
360,0.0,kernel tails n_sd=14,3.552713678800501e-15,7.105427357601002e-15,5.400124791776761e-13,0.22663078199997244,0.2638671110000246
360,0.0125,spatial dx/2,1.3010343971942007e-05,1.2107273974493182e-05,0.0011838997914423999,0.5454043249999927,0.2231500220000271
360,0.0125,spatial dx/4,1.6175408230623134e-05,1.4736182893493321e-05,0.0011947210723661783,1.6824430850000454,0.2231500220000271
360,0.0125,time h/2 (substeps=2),1.8070966945060718e-09,1.872976440608909e-09,5.322891638570582e-07,0.406291049999993,0.2231500220000271
360,0.0125,time h/4 (substeps=4),5.7221676286189904e-09,5.8834626059933726e-09,1.5968314812653261e-06,0.4253863770000521,0.2231500220000271
360,0.0125,domain wider,0.0,0.0,0.0,0.29260655100000577,0.2231500220000271
360,0.0125,kernel tails n_sd=14,7.105427357601002e-15,1.4210854715202004e-14,3.062439191126032e-12,0.22295137899999418,0.2231500220000271
