case,S0,a,mean_Q,se_Q,mean_diff,se_diff,applied_shift_mean,cap_binds_dates,floor_binds_dates,frac_paths_changed,frac_earlier,frac_later,mean_diff_changed
3,100.0,-0.08,10.01564679367762,0.056177215671655255,-0.056915458084827696,0.01340131390704421,-0.07243977443898098,0,56,0.2372,0.0,0.2372,-0.2399471251468284
3,100.0,-0.07,10.026542033652435,0.056133863990041624,-0.04602021811001267,0.012838543765745128,-0.06394263540796524,0,52,0.22922,0.0,0.22922,-0.20076877283837652
3,100.0,-0.06,10.032022261197334,0.05604356614709914,-0.040539990565115216,0.012263904329074862,-0.05533256286911539,0,48,0.22134,0.0,0.22134,-0.18315709119506288
3,100.0,-0.05,10.03276159376408,0.055911095043134296,-0.039800657998368294,0.011635691993589298,-0.04659731418129025,0,44,0.21266,0.0,0.21266,-0.18715629642795212
3,100.0,-0.04,10.0384582470238,0.0557696850814247,-0.03410400473864636,0.01071910002321977,-0.037715336901997916,0,36,0.20218,0.0,0.20218,-0.1686813964716904
3,100.0,-0.03,10.045402987240998,0.05563410536894248,-0.027159264521449324,0.009705611136357581,-0.028656412334016584,0,30,0.19086,0.0,0.19086,-0.14229940543565608
3,100.0,-0.02,10.05342264289002,0.05542092649105848,-0.019139608872427185,0.008065976977588938,-0.019389366512859062,0,22,0.17476,0.0,0.17476,-0.1095193915794643
3,100.0,-0.01,10.06546069399315,0.055203004566853446,-0.007101557769296021,0.00574825341930196,-0.009857301093491888,0,12,0.13072,0.0,0.13072,-0.05432648232325597
3,100.0,0.0,10.072562251762447,0.05494417322482825,0.0,0.0,0.0,0,0,0.0,0.0,0.0,0.0
3,100.0,0.01,10.075040416358151,0.054595843512262744,0.0024781645957037573,0.0063779739855078345,0.007401635805872319,127,0,0.13674,0.13674,0.0,0.018123187038933408
3,100.0,0.02,10.077170776741573,0.05422706663153058,0.004608524979125886,0.009036048999081312,0.013548651604197501,147,0,0.19412,0.19412,0.0,0.023740598491272843
3,100.0,0.03,10.07207701248332,0.053741467186029436,-0.0004852392791285331,0.011436617644627651,0.019269051354092,160,0,0.22512,0.22512,0.0,-0.0021554694346505405
3,100.0,0.04,10.074732763546784,0.05326839517296529,0.0021705117843365757,0.013479737736564803,0.02464594043619878,179,0,0.25076,0.25076,0.0,0.00865573370687737
3,100.0,0.05,10.071077234629,0.052711806171334516,-0.0014850171334480182,0.015456185485470933,0.029415180249561326,196,0,0.27712,0.27712,0.0,-0.005358751203262207
3,100.0,0.06,10.070332903131051,0.05211997111765831,-0.002229348631396699,0.017264456265570313,0.03379126114230285,209,0,0.30432,0.30432,0.0,-0.007325672421781996
3,100.0,0.07,10.05392235346647,0.05141790841256816,-0.018639898295978896,0.01899138359942744,0.037867362526553344,217,0,0.33156,0.33156,0.0,-0.05621877879110539
3,100.0,0.08,10.030248992545937,0.050699403902214106,-0.042313259216511544,0.020577034182996987,0.04168919094586008,227,0,0.35626,0.35626,0.0,-0.1187707270434838
