case,pair,S0,mean_diff,se
0,LS - NN,60.0,0.0,0.0
0,LS - ref-boundary policy,60.0,0.0,0.0
0,NN - ref-boundary policy,60.0,0.0,0.0
0,LS - NN,80.0,0.0290561537785514,0.010235677534307786
0,LS - ref-boundary policy,80.0,-0.18272559393391716,0.03369895322945856
0,NN - ref-boundary policy,80.0,-0.21178174771246852,0.034667661772916455
0,LS - NN,100.0,0.01654432776559781,0.006320213322738659
0,LS - ref-boundary policy,100.0,-0.1336460552360107,0.023399238634098676
0,NN - ref-boundary policy,100.0,-0.1501903830016085,0.023847099817495224
1,LS - NN,60.0,0.0,0.0
1,LS - ref-boundary policy,60.0,0.0,0.0
1,NN - ref-boundary policy,60.0,0.0,0.0
1,LS - NN,80.0,-0.01165038370002331,0.022422398931874733
1,LS - ref-boundary policy,80.0,-0.024173558145744317,0.01925739569833396
1,NN - ref-boundary policy,80.0,-0.012523174445721002,0.01863022403004673
1,LS - NN,100.0,-0.0051043341895711915,0.014676519868850253
1,LS - ref-boundary policy,100.0,-0.043601028663736906,0.014553167446310668
1,NN - ref-boundary policy,100.0,-0.03849669447416572,0.01379585905812351
2,LS - NN,60.0,0.0,0.0
2,LS - ref-boundary policy,60.0,0.0,0.0
2,NN - ref-boundary policy,60.0,0.0,0.0
2,LS - NN,80.0,-0.032133858777488485,0.013782460393492742
2,LS - ref-boundary policy,80.0,-0.24854938460216727,0.033433786419754696
2,NN - ref-boundary policy,80.0,-0.21641552582467885,0.032078940221500096
2,LS - NN,100.0,-0.007776405341072081,0.00967870725062678
2,LS - ref-boundary policy,100.0,-0.12885166762158137,0.023219997583971187
2,NN - ref-boundary policy,100.0,-0.12107526228050927,0.022550336833586117
3,LS - NN,60.0,0.04503575043579816,0.021021101416420006
3,LS - ref-boundary policy,60.0,0.0,0.0
3,NN - ref-boundary policy,60.0,-0.04503575043579816,0.021021101416420006
3,LS - NN,80.0,0.059726027772541844,0.031016169826461822
3,LS - ref-boundary policy,80.0,-0.022938542297207484,0.01979152390752162
3,NN - ref-boundary policy,80.0,-0.08266457006974934,0.02521452375083957
3,LS - NN,100.0,0.003122229286907259,0.01832584465198377
3,LS - ref-boundary policy,100.0,-0.023205598170829445,0.01478033870846185
3,NN - ref-boundary policy,100.0,-0.026327827457736694,0.012890021957707198
