case,N,delta,method,S0,mean,se,lo,hi,ref_value,z_vs_ref
0,180,0.0,LS,60.0,40.00000000000001,3.1776754930703254e-17,40.00000000000001,40.00000000000001,39.99999808710686,
0,180,0.0,NN,60.0,39.130169834504194,0.03932294715581088,39.0530968580788,39.207242810929586,39.99999808710686,-22.12011854442422
0,180,0.0,ref-boundary policy,60.0,40.00000000000001,3.1776754930703254e-17,40.00000000000001,40.00000000000001,39.99999808710686,
0,180,0.0,LS,80.0,20.652572539907382,0.056087113543086445,20.542641797362933,20.76250328245183,20.868801074662816,-3.8552266482625424
0,180,0.0,NN,80.0,20.583641203384946,0.05624309587133541,20.47340473547713,20.693877671292764,20.868801074662816,-5.070131130943003
0,180,0.0,ref-boundary policy,80.0,20.843424246715774,0.044744065790320864,20.755725877766746,20.9311226156648,20.868801074662816,-0.5671551634570428
0,180,0.0,LS,100.0,8.648360668052176,0.04971049853944782,8.550928090914859,8.745793245189493,8.807848281690578,-3.208328589017089
0,180,0.0,NN,100.0,8.75978589885873,0.04642947406304139,8.668784129695169,8.850787668022292,8.807848281690578,-1.0351696589668298
0,180,0.0,ref-boundary policy,100.0,8.773275916538966,0.044759323847837595,8.685547641797204,8.861004191280728,8.807848281690578,-0.7724058850652863
1,180,0.0125,LS,60.0,40.00000000000001,3.1776754930703254e-17,40.00000000000001,40.00000000000001,39.99999808710686,
1,180,0.0125,NN,60.0,39.97102409715621,0.009663178856738966,39.952084266597005,39.989963927715415,39.99999808710686,-2.9983911485239645
1,180,0.0125,ref-boundary policy,60.0,40.00000000000001,3.1776754930703254e-17,40.00000000000001,40.00000000000001,39.99999808710686,
1,180,0.0125,LS,80.0,21.99713094681845,0.0630192370836138,21.873613242134567,22.120648651502336,22.109546800048825,-1.7838339280626438
1,180,0.0125,NN,80.0,22.00955886795517,0.06267043962110903,21.886724806297796,22.132392929612546,22.109546800048825,-1.5954560507020246
1,180,0.0125,ref-boundary policy,80.0,22.0411697899575,0.059428681944716386,21.924689573345855,22.157650006569146,22.109546800048825,-1.150572549378309
1,180,0.0125,LS,100.0,10.028705707402406,0.05459419964062842,9.921701076106773,10.135710338698038,10.12640145873042,-1.7894895789498972
1,180,0.0125,NN,100.0,10.033441533482476,0.054537622125276866,9.926547794116933,10.140335272848018,10.12640145873042,-1.7045100542595866
1,180,0.0125,ref-boundary policy,100.0,10.086192739857738,0.052716572683791374,9.982868257397508,10.189517222317969,10.12640145873042,-0.7627339340488829
2,360,0.0,LS,60.0,40.00000000000001,3.1776754930703254e-17,40.00000000000001,40.00000000000001,39.99999808710686,
2,360,0.0,NN,60.0,40.00000000000001,3.1776754930703254e-17,40.00000000000001,40.00000000000001,39.99999808710686,
2,360,0.0,ref-boundary policy,60.0,40.00000000000001,3.1776754930703254e-17,40.00000000000001,40.00000000000001,39.99999808710686,
2,360,0.0,LS,80.0,20.660365503883018,0.05362862436701869,20.55525340012366,20.765477607642374,20.87099618699714,-3.927579452208707
2,360,0.0,NN,80.0,20.821539014504125,0.04247972217584675,20.738278759039467,20.904799269968784,20.87099618699714,-1.1642536711582936
2,360,0.0,ref-boundary policy,80.0,20.849141524299743,0.04468686894448495,20.761555261168553,20.936727787430932,20.87099618699714,-0.48906229533662543
2,360,0.0,LS,100.0,8.611665564953327,0.04921095172680803,8.515212099568783,8.70811903033787,8.809147435127905,-4.0129658794426
2,360,0.0,NN,100.0,8.6884955500598,0.04568602414298945,8.59895094273954,8.77804015738006,8.809147435127905,-2.6408926434588587
2,360,0.0,ref-boundary policy,100.0,8.714538430505707,0.04473117842053164,8.626865320801464,8.80221154020995,8.809147435127905,-2.1150572813608752
3,360,0.0125,LS,60.0,40.00000000000001,3.1776754930703254e-17,40.00000000000001,40.00000000000001,39.99999808710686,
3,360,0.0125,NN,60.0,40.00000000000001,3.1776754930703254e-17,40.00000000000001,40.00000000000001,39.99999808710686,
3,360,0.0125,ref-boundary policy,60.0,40.00000000000001,3.1776754930703254e-17,40.00000000000001,40.00000000000001,39.99999808710686,
3,360,0.0125,LS,80.0,22.06972798810844,0.06268570694720546,21.946864002491917,22.192591973724962,22.110202935072778,-0.6456806333607459
3,360,0.0125,NN,80.0,22.065152525865397,0.06248689241167412,21.942678216738514,22.18762683499228,22.110202935072778,-0.7209577475957843
3,360,0.0125,ref-boundary policy,80.0,22.109861887676665,0.05967786207496678,21.99289327800973,22.2268304973436,22.110202935072778,-0.005714805863589655
3,360,0.0125,LS,100.0,10.073331538914644,0.055008900035910004,9.965514094844261,10.181148982985027,10.126959105954446,-0.9748889180622418
3,360,0.0125,NN,100.0,10.072562251762447,0.05494417322482825,9.964871672241783,10.180252831283111,10.126959105954446,-0.9900386337494025
3,360,0.0125,ref-boundary policy,100.0,10.094785130937659,0.05282809740103895,9.991242060031622,10.198328201843696,10.126959105954446,-0.6090314927024948
