case,N,delta,method,S0,mean,se,lo,hi,ref_value
0,180,0.0,LS,60.0,40.00000000000001,3.1776754930703254e-17,40.00000000000001,40.00000000000001,39.99999808710686
0,180,0.0,ref-boundary policy,60.0,40.00000000000001,3.1776754930703254e-17,40.00000000000001,40.00000000000001,39.99999808710686
0,180,0.0,LS,80.0,20.652572539907382,0.056087113543086445,20.542641797362933,20.76250328245183,20.868801074662816
0,180,0.0,ref-boundary policy,80.0,20.843424246715774,0.044744065790320864,20.755725877766746,20.9311226156648,20.868801074662816
0,180,0.0,LS,100.0,8.648360668052176,0.04971049853944782,8.550928090914859,8.745793245189493,8.807848281690578
0,180,0.0,ref-boundary policy,100.0,8.773275916538966,0.044759323847837595,8.685547641797204,8.861004191280728,8.807848281690578
1,180,0.0125,LS,60.0,40.00000000000001,3.1776754930703254e-17,40.00000000000001,40.00000000000001,39.99999808710686
1,180,0.0125,ref-boundary policy,60.0,40.00000000000001,3.1776754930703254e-17,40.00000000000001,40.00000000000001,39.99999808710686
1,180,0.0125,LS,80.0,21.99713094681845,0.0630192370836138,21.873613242134567,22.120648651502336,22.109546800048825
1,180,0.0125,ref-boundary policy,80.0,22.0411697899575,0.059428681944716386,21.924689573345855,22.157650006569146,22.109546800048825
1,180,0.0125,LS,100.0,10.028705707402406,0.05459419964062842,9.921701076106773,10.135710338698038,10.12640145873042
1,180,0.0125,ref-boundary policy,100.0,10.086192739857738,0.052716572683791374,9.982868257397508,10.189517222317969,10.12640145873042
2,360,0.0,LS,60.0,40.00000000000001,3.1776754930703254e-17,40.00000000000001,40.00000000000001,39.99999808710686
2,360,0.0,ref-boundary policy,60.0,40.00000000000001,3.1776754930703254e-17,40.00000000000001,40.00000000000001,39.99999808710686
2,360,0.0,LS,80.0,20.660365503883018,0.05362862436701869,20.55525340012366,20.765477607642374,20.87099618699714
2,360,0.0,ref-boundary policy,80.0,20.849141524299743,0.04468686894448495,20.761555261168553,20.936727787430932,20.87099618699714
2,360,0.0,LS,100.0,8.611665564953327,0.04921095172680803,8.515212099568783,8.70811903033787,8.809147435127905
2,360,0.0,ref-boundary policy,100.0,8.714538430505707,0.04473117842053164,8.626865320801464,8.80221154020995,8.809147435127905
3,360,0.0125,LS,60.0,40.00000000000001,3.1776754930703254e-17,40.00000000000001,40.00000000000001,39.99999808710686
3,360,0.0125,ref-boundary policy,60.0,40.00000000000001,3.1776754930703254e-17,40.00000000000001,40.00000000000001,39.99999808710686
3,360,0.0125,LS,80.0,22.06972798810844,0.06268570694720546,21.946864002491917,22.192591973724962,22.110202935072778
3,360,0.0125,ref-boundary policy,80.0,22.109861887676665,0.05967786207496678,21.99289327800973,22.2268304973436,22.110202935072778
3,360,0.0125,LS,100.0,10.073331538914644,0.055008900035910004,9.965514094844261,10.181148982985027,10.126959105954446
3,360,0.0125,ref-boundary policy,100.0,10.094785130937659,0.05282809740103895,9.991242060031622,10.198328201843696,10.126959105954446
