section,case,N,delta,method,S0,metric,value
p2_refinement,0.0,180.0,0.0,ref,,dV_spots[spatial dx/2],1.0518209331067396e-05
p2_refinement,0.0,180.0,0.0,ref,,db[spatial dx/2],0.001079352573086112
p2_refinement,0.0,180.0,0.0,ref,,dV_spots[spatial dx/4],1.3283884241488408e-05
p2_refinement,0.0,180.0,0.0,ref,,db[spatial dx/4],0.0010203959672594465
p2_refinement,0.0,180.0,0.0,ref,,dV_spots[time h/2 (substeps=2)],1.2076473154820633e-09
p2_refinement,0.0,180.0,0.0,ref,,db[time h/2 (substeps=2)],1.4198067788129265e-07
p2_refinement,0.0,180.0,0.0,ref,,dV_spots[time h/4 (substeps=4)],3.4626346234745142e-09
p2_refinement,0.0,180.0,0.0,ref,,db[time h/4 (substeps=4)],4.259877215417873e-07
p2_refinement,0.0,180.0,0.0,ref,,dV_spots[domain wider],0.0
p2_refinement,0.0,180.0,0.0,ref,,db[domain wider],0.0
p2_refinement,0.0,180.0,0.0,ref,,dV_spots[kernel tails n_sd=14],0.0
p2_refinement,0.0,180.0,0.0,ref,,db[kernel tails n_sd=14],2.984279490192421e-13
p2_refinement,1.0,180.0,0.0125,ref,,dV_spots[spatial dx/2],1.1956482783403999e-05
p2_refinement,1.0,180.0,0.0125,ref,,db[spatial dx/2],0.001079352573086112
p2_refinement,1.0,180.0,0.0125,ref,,dV_spots[spatial dx/4],1.5245213539571978e-05
p2_refinement,1.0,180.0,0.0125,ref,,db[spatial dx/4],0.0010203959672594465
p2_refinement,1.0,180.0,0.0125,ref,,dV_spots[time h/2 (substeps=2)],9.750866780677825e-10
p2_refinement,1.0,180.0,0.0125,ref,,db[time h/2 (substeps=2)],1.4198067788129265e-07
p2_refinement,1.0,180.0,0.0125,ref,,dV_spots[time h/4 (substeps=4)],2.708517854443926e-09
p2_refinement,1.0,180.0,0.0125,ref,,db[time h/4 (substeps=4)],4.259877215417873e-07
p2_refinement,1.0,180.0,0.0125,ref,,dV_spots[domain wider],0.0
p2_refinement,1.0,180.0,0.0125,ref,,db[domain wider],0.0
p2_refinement,1.0,180.0,0.0125,ref,,dV_spots[kernel tails n_sd=14],0.0
p2_refinement,1.0,180.0,0.0125,ref,,db[kernel tails n_sd=14],1.1368683772161603e-12
p2_refinement,2.0,360.0,0.0,ref,,dV_spots[spatial dx/2],1.1255457829761895e-05
p2_refinement,2.0,360.0,0.0,ref,,db[spatial dx/2],0.0012610535198973594
p2_refinement,2.0,360.0,0.0,ref,,dV_spots[spatial dx/4],1.4001554360376645e-05
p2_refinement,2.0,360.0,0.0,ref,,db[spatial dx/4],0.0012589079961173866
p2_refinement,2.0,360.0,0.0,ref,,dV_spots[time h/2 (substeps=2)],2.327391612766405e-09
p2_refinement,2.0,360.0,0.0,ref,,db[time h/2 (substeps=2)],5.322891638570582e-07
p2_refinement,2.0,360.0,0.0,ref,,dV_spots[time h/4 (substeps=4)],7.199730589491082e-09
p2_refinement,2.0,360.0,0.0,ref,,db[time h/4 (substeps=4)],1.5968314812653261e-06
p2_refinement,2.0,360.0,0.0,ref,,dV_spots[domain wider],0.0
p2_refinement,2.0,360.0,0.0,ref,,db[domain wider],0.0
p2_refinement,2.0,360.0,0.0,ref,,dV_spots[kernel tails n_sd=14],3.552713678800501e-15
p2_refinement,2.0,360.0,0.0,ref,,db[kernel tails n_sd=14],5.400124791776761e-13
p2_refinement,3.0,360.0,0.0125,ref,,dV_spots[spatial dx/2],1.3010343971942007e-05
p2_refinement,3.0,360.0,0.0125,ref,,db[spatial dx/2],0.0011838997914423999
p2_refinement,3.0,360.0,0.0125,ref,,dV_spots[spatial dx/4],1.6175408230623134e-05
p2_refinement,3.0,360.0,0.0125,ref,,db[spatial dx/4],0.0011947210723661783
p2_refinement,3.0,360.0,0.0125,ref,,dV_spots[time h/2 (substeps=2)],1.8070966945060718e-09
p2_refinement,3.0,360.0,0.0125,ref,,db[time h/2 (substeps=2)],5.322891638570582e-07
p2_refinement,3.0,360.0,0.0125,ref,,dV_spots[time h/4 (substeps=4)],5.7221676286189904e-09
p2_refinement,3.0,360.0,0.0125,ref,,db[time h/4 (substeps=4)],1.5968314812653261e-06
p2_refinement,3.0,360.0,0.0125,ref,,dV_spots[domain wider],0.0
p2_refinement,3.0,360.0,0.0125,ref,,db[domain wider],0.0
p2_refinement,3.0,360.0,0.0125,ref,,dV_spots[kernel tails n_sd=14],7.105427357601002e-15
p2_refinement,3.0,360.0,0.0125,ref,,db[kernel tails n_sd=14],3.062439191126032e-12
p2_supplied_verify,0.0,180.0,0.0,ref,,spatial_dV_max,1.5820832107493743e-05
p2_supplied_verify,0.0,180.0,0.0,ref,,spatial_db_max,0.001559972502334972
p2_supplied_verify,0.0,180.0,0.0,ref,,temporal_dV_max,1.834135722944552e-05
p2_supplied_verify,0.0,180.0,0.0,ref,,temporal_db_max,0.0014653226724874457
p2_supplied_verify,1.0,180.0,0.0125,ref,,spatial_dV_max,1.3565547554605928e-05
p2_supplied_verify,1.0,180.0,0.0125,ref,,spatial_db_max,0.001559972502334972
p2_supplied_verify,1.0,180.0,0.0125,ref,,temporal_dV_max,1.4707952182391182e-05
p2_supplied_verify,1.0,180.0,0.0125,ref,,temporal_db_max,0.0014653226724874457
p2_supplied_verify,2.0,360.0,0.0,ref,,spatial_dV_max,1.5690454580052915e-05
p2_supplied_verify,2.0,360.0,0.0,ref,,spatial_db_max,0.0018464196980403358
p2_supplied_verify,2.0,360.0,0.0,ref,,temporal_dV_max,9.532607830209372e-06
p2_supplied_verify,2.0,360.0,0.0,ref,,temporal_db_max,0.0014773814601767299
p2_supplied_verify,3.0,360.0,0.0125,ref,,spatial_dV_max,1.3290016692479867e-05
p2_supplied_verify,3.0,360.0,0.0125,ref,,spatial_db_max,0.0018464196980403358
p2_supplied_verify,3.0,360.0,0.0125,ref,,temporal_dV_max,7.700958621015275e-06
p2_supplied_verify,3.0,360.0,0.0125,ref,,temporal_db_max,0.0014773814601767299
p2_own_vs_supplied,0.0,180.0,0.0,own-solver,,dV_max,8.464318824508155e-06
p2_own_vs_supplied,0.0,180.0,0.0,own-solver,,db_max,0.0007376880696909893
p2_own_vs_supplied,1.0,180.0,0.0125,own-solver,,dV_max,3.7690390559674825e-06
p2_own_vs_supplied,1.0,180.0,0.0125,own-solver,,db_max,0.0007376880696909893
p2_own_vs_supplied,2.0,360.0,0.0,own-solver,,dV_max,6.686440787717629e-06
p2_own_vs_supplied,2.0,360.0,0.0,own-solver,,db_max,0.0010883454931445158
p2_own_vs_supplied,3.0,360.0,0.0125,own-solver,,dV_max,5.9758494987960376e-06
p2_own_vs_supplied,3.0,360.0,0.0125,own-solver,,db_max,0.0010883454931445158
p2_martingale,0.0,180.0,0.0,,,z_(mean-theory)/se,0.11732009746888669
p2_martingale,0.0,180.0,0.0,,,diff_dollars,0.014318252196858339
p2_martingale,1.0,180.0,0.0125,,,z_(mean-theory)/se,0.6235766858715851
p2_martingale,1.0,180.0,0.0125,,,diff_dollars,0.07339581159003217
p2_martingale,2.0,360.0,0.0,,,z_(mean-theory)/se,1.9648976586941798
p2_martingale,2.0,360.0,0.0,,,diff_dollars,0.2404937601454975
p2_martingale,3.0,360.0,0.0125,,,z_(mean-theory)/se,0.2257258938036812
p2_martingale,3.0,360.0,0.0125,,,diff_dollars,0.026601599804976672
p3_ls_diagnostics,0.0,180.0,0.0,LS,,fallback_count,0
p3_ls_diagnostics,0.0,180.0,0.0,LS,,multi_crossing_count,176
p3_ls_diagnostics,0.0,180.0,0.0,LS,,capped_count,0
p3_ls_diagnostics,0.0,180.0,0.0,LS,,replay_max_abs_diff,0.0
p3_ls_diagnostics,1.0,180.0,0.0125,LS,,fallback_count,0
p3_ls_diagnostics,1.0,180.0,0.0125,LS,,multi_crossing_count,138
p3_ls_diagnostics,1.0,180.0,0.0125,LS,,capped_count,83
p3_ls_diagnostics,1.0,180.0,0.0125,LS,,replay_max_abs_diff,0.0
p3_ls_diagnostics,2.0,360.0,0.0,LS,,fallback_count,0
p3_ls_diagnostics,2.0,360.0,0.0,LS,,multi_crossing_count,360
p3_ls_diagnostics,2.0,360.0,0.0,LS,,capped_count,0
p3_ls_diagnostics,2.0,360.0,0.0,LS,,replay_max_abs_diff,0.0
p3_ls_diagnostics,3.0,360.0,0.0125,LS,,fallback_count,0
p3_ls_diagnostics,3.0,360.0,0.0125,LS,,multi_crossing_count,273
p3_ls_diagnostics,3.0,360.0,0.0125,LS,,capped_count,154
p3_ls_diagnostics,3.0,360.0,0.0125,LS,,replay_max_abs_diff,0.0
reference,0.0,180.0,0.0,ref,,source,supplied
reference,1.0,180.0,0.0125,ref,,source,supplied
reference,2.0,360.0,0.0,ref,,source,supplied
reference,3.0,360.0,0.0125,ref,,source,supplied
timing_ls,,,,,,part2_reference_check_s,8.752575359000005
timing_ls,0.0,180.0,0.0,LS,,ls_fit_case0_s,0.49386619900000994
timing_ls,1.0,180.0,0.0125,LS,,ls_fit_case1_s,0.5650814619999949
timing_ls,2.0,360.0,0.0,LS,,ls_fit_case2_s,1.0619663150000065
timing_ls,3.0,360.0,0.0125,LS,,ls_fit_case3_s,1.1501821709999973
timing_ls,,,,LS,,ls_total_s,4.825232167999999
timing_ls,,,,,,evaluation_preview_s,5.133451518000001
p4_validation,0.0,180.0,0.0,NN,,val_mean_ckpt0,59.155065299065114
p4_validation,0.0,180.0,0.0,NN,,val_mean_ckpt400,59.159691014040504
p4_validation,0.0,180.0,0.0,NN,,val_mean_ckpt800,59.150616972793756
p4_validation,0.0,180.0,0.0,NN,,val_mean_ckpt1200,59.15249597166651
p4_validation,0.0,180.0,0.0,NN,,val_mean_ckpt1600,59.144980058725054
p4_validation,0.0,180.0,0.0,NN,,val_mean_ckpt2000,59.16262239624529
p4_validation,0.0,180.0,0.0,NN,,val_mean_ckpt2400,59.145383037883924
p4_validation,1.0,180.0,0.0125,NN,,val_mean_ckpt0,58.98829686634017
p4_validation,1.0,180.0,0.0125,NN,,val_mean_ckpt400,58.995422240943235
p4_validation,1.0,180.0,0.0125,NN,,val_mean_ckpt800,59.013679950919766
p4_validation,1.0,180.0,0.0125,NN,,val_mean_ckpt1200,59.012267692784526
p4_validation,1.0,180.0,0.0125,NN,,val_mean_ckpt1600,58.99291083577806
p4_validation,1.0,180.0,0.0125,NN,,val_mean_ckpt2000,59.01555414075019
p4_validation,1.0,180.0,0.0125,NN,,val_mean_ckpt2400,59.00378314421448
p4_validation,2.0,360.0,0.0,NN,,val_mean_ckpt0,59.392109385288634
p4_validation,2.0,360.0,0.0,NN,,val_mean_ckpt400,59.37612587788148
p4_validation,2.0,360.0,0.0,NN,,val_mean_ckpt800,59.36956965885119
p4_validation,2.0,360.0,0.0,NN,,val_mean_ckpt1200,59.39452955733347
p4_validation,2.0,360.0,0.0,NN,,val_mean_ckpt1600,59.376188048381366
p4_validation,2.0,360.0,0.0,NN,,val_mean_ckpt2000,59.37114265467839
p4_validation,2.0,360.0,0.0,NN,,val_mean_ckpt2400,59.37837017334749
p4_validation,3.0,360.0,0.0125,NN,,val_mean_ckpt0,60.53182746771313
p4_validation,3.0,360.0,0.0125,NN,,val_mean_ckpt400,60.548674726375204
p4_validation,3.0,360.0,0.0125,NN,,val_mean_ckpt800,60.54632620009424
p4_validation,3.0,360.0,0.0125,NN,,val_mean_ckpt1200,60.54756307569234
p4_validation,3.0,360.0,0.0125,NN,,val_mean_ckpt1600,60.54841328571081
p4_validation,3.0,360.0,0.0125,NN,,val_mean_ckpt2000,60.54392689072536
p4_validation,3.0,360.0,0.0125,NN,,val_mean_ckpt2400,60.55503178811216
p4_selection,0.0,180.0,0.0,NN,,selected_checkpoint,2000.0
p4_selection,0.0,180.0,0.0,NN,,val_mean_initial,59.155065299065114
p4_selection,0.0,180.0,0.0,NN,,val_mean_selected,59.16262239624529
timing,0.0,180.0,0.0,NN,,time_supervised_s,0.6903077319999937
timing,0.0,180.0,0.0,NN,,time_banks_s,0.145488854000007
timing,0.0,180.0,0.0,NN,,time_payoff_s,7.617755357999997
timing,0.0,180.0,0.0,NN,,time_validation_s,0.01716199800000595
p4_selection,1.0,180.0,0.0125,NN,,selected_checkpoint,2000.0
p4_selection,1.0,180.0,0.0125,NN,,val_mean_initial,58.98829686634017
p4_selection,1.0,180.0,0.0125,NN,,val_mean_selected,59.01555414075019
timing,1.0,180.0,0.0125,NN,,time_supervised_s,1.1673185899999936
timing,1.0,180.0,0.0125,NN,,time_banks_s,0.10452406399998893
timing,1.0,180.0,0.0125,NN,,time_payoff_s,9.09826244
timing,1.0,180.0,0.0125,NN,,time_validation_s,0.016207352000009223
p4_selection,2.0,360.0,0.0,NN,,selected_checkpoint,1200.0
p4_selection,2.0,360.0,0.0,NN,,val_mean_initial,59.392109385288634
p4_selection,2.0,360.0,0.0,NN,,val_mean_selected,59.39452955733347
timing,2.0,360.0,0.0,NN,,time_supervised_s,0.518849411000005
timing,2.0,360.0,0.0,NN,,time_banks_s,0.23313211599999306
timing,2.0,360.0,0.0,NN,,time_payoff_s,10.993214269000006
timing,2.0,360.0,0.0,NN,,time_validation_s,0.03068021300001078
p4_selection,3.0,360.0,0.0125,NN,,selected_checkpoint,2400.0
p4_selection,3.0,360.0,0.0125,NN,,val_mean_initial,60.53182746771313
p4_selection,3.0,360.0,0.0125,NN,,val_mean_selected,60.55503178811216
timing,3.0,360.0,0.0125,NN,,time_supervised_s,1.3734300730000086
timing,3.0,360.0,0.0125,NN,,time_banks_s,0.23019134599999802
timing,3.0,360.0,0.0125,NN,,time_payoff_s,13.420896981999988
timing,3.0,360.0,0.0125,NN,,time_validation_s,0.035948555999993914
timing,,,,,,evaluation_3_policies_s,5.636380797000015
p5_prices,0.0,180.0,0.0,LS,60.0,mean,40.0
p5_prices,0.0,180.0,0.0,LS,60.0,se,0.0
p5_prices,0.0,180.0,0.0,LS,60.0,ci_lo,40.0
p5_prices,0.0,180.0,0.0,LS,60.0,ci_hi,40.0
p5_prices,0.0,180.0,0.0,LS,60.0,ref_value,40.0
p5_prices,0.0,180.0,0.0,LS,60.0,z_vs_ref,
p5_prices,0.0,180.0,0.0,NN,60.0,mean,40.0
p5_prices,0.0,180.0,0.0,NN,60.0,se,0.0
p5_prices,0.0,180.0,0.0,NN,60.0,ci_lo,40.0
p5_prices,0.0,180.0,0.0,NN,60.0,ci_hi,40.0
p5_prices,0.0,180.0,0.0,NN,60.0,ref_value,40.0
p5_prices,0.0,180.0,0.0,NN,60.0,z_vs_ref,
p5_prices,0.0,180.0,0.0,ref-boundary policy,60.0,mean,40.0
p5_prices,0.0,180.0,0.0,ref-boundary policy,60.0,se,0.0
p5_prices,0.0,180.0,0.0,ref-boundary policy,60.0,ci_lo,40.0
p5_prices,0.0,180.0,0.0,ref-boundary policy,60.0,ci_hi,40.0
p5_prices,0.0,180.0,0.0,ref-boundary policy,60.0,ref_value,40.0
p5_prices,0.0,180.0,0.0,ref-boundary policy,60.0,z_vs_ref,
p5_prices,0.0,180.0,0.0,LS,80.0,mean,20.661120170945498
p5_prices,0.0,180.0,0.0,LS,80.0,se,0.055752688767558685
p5_prices,0.0,180.0,0.0,LS,80.0,ci_lo,20.551844900961083
p5_prices,0.0,180.0,0.0,LS,80.0,ci_hi,20.770395440929914
p5_prices,0.0,180.0,0.0,LS,80.0,ref_value,20.86879261034399
p5_prices,0.0,180.0,0.0,LS,80.0,z_vs_ref,-3.7248865299449636
p5_prices,0.0,180.0,0.0,NN,80.0,mean,20.632064017166947
p5_prices,0.0,180.0,0.0,NN,80.0,se,0.056299541243427335
p5_prices,0.0,180.0,0.0,NN,80.0,ci_lo,20.52171691632983
p5_prices,0.0,180.0,0.0,NN,80.0,ci_hi,20.742411118004064
p5_prices,0.0,180.0,0.0,NN,80.0,ref_value,20.86879261034399
p5_prices,0.0,180.0,0.0,NN,80.0,z_vs_ref,-4.2048050117048055
p5_prices,0.0,180.0,0.0,ref-boundary policy,80.0,mean,20.84384576487942
p5_prices,0.0,180.0,0.0,ref-boundary policy,80.0,se,0.04474410588914827
p5_prices,0.0,180.0,0.0,ref-boundary policy,80.0,ci_lo,20.756147317336687
p5_prices,0.0,180.0,0.0,ref-boundary policy,80.0,ci_hi,20.93154421242215
p5_prices,0.0,180.0,0.0,ref-boundary policy,80.0,ref_value,20.86879261034399
p5_prices,0.0,180.0,0.0,ref-boundary policy,80.0,z_vs_ref,-0.5575448423615335
p5_prices,0.0,180.0,0.0,LS,100.0,mean,8.639783160050102
p5_prices,0.0,180.0,0.0,LS,100.0,se,0.04998648628976873
p5_prices,0.0,180.0,0.0,LS,100.0,ci_lo,8.541809646922156
p5_prices,0.0,180.0,0.0,LS,100.0,ci_hi,8.73775667317805
p5_prices,0.0,180.0,0.0,LS,100.0,ref_value,8.80784061168281
p5_prices,0.0,180.0,0.0,LS,100.0,z_vs_ref,-3.3620577101276563
p5_prices,0.0,180.0,0.0,NN,100.0,mean,8.623238832284505
p5_prices,0.0,180.0,0.0,NN,100.0,se,0.050127171695555625
p5_prices,0.0,180.0,0.0,NN,100.0,ci_lo,8.524989575761216
p5_prices,0.0,180.0,0.0,NN,100.0,ci_hi,8.721488088807794
p5_prices,0.0,180.0,0.0,NN,100.0,ref_value,8.80784061168281
p5_prices,0.0,180.0,0.0,NN,100.0,z_vs_ref,-3.682668962842601
p5_prices,0.0,180.0,0.0,ref-boundary policy,100.0,mean,8.773429215286113
p5_prices,0.0,180.0,0.0,ref-boundary policy,100.0,se,0.04475981102136124
p5_prices,0.0,180.0,0.0,ref-boundary policy,100.0,ci_lo,8.685699985684245
p5_prices,0.0,180.0,0.0,ref-boundary policy,100.0,ci_hi,8.86115844488798
p5_prices,0.0,180.0,0.0,ref-boundary policy,100.0,ref_value,8.80784061168281
p5_prices,0.0,180.0,0.0,ref-boundary policy,100.0,z_vs_ref,-0.7688011993677691
p5_prices,1.0,180.0,0.0125,LS,60.0,mean,40.0
p5_prices,1.0,180.0,0.0125,LS,60.0,se,0.0
p5_prices,1.0,180.0,0.0125,LS,60.0,ci_lo,40.0
p5_prices,1.0,180.0,0.0125,LS,60.0,ci_hi,40.0
p5_prices,1.0,180.0,0.0125,LS,60.0,ref_value,40.0
p5_prices,1.0,180.0,0.0125,LS,60.0,z_vs_ref,
p5_prices,1.0,180.0,0.0125,NN,60.0,mean,40.0
p5_prices,1.0,180.0,0.0125,NN,60.0,se,0.0
p5_prices,1.0,180.0,0.0125,NN,60.0,ci_lo,40.0
p5_prices,1.0,180.0,0.0125,NN,60.0,ci_hi,40.0
p5_prices,1.0,180.0,0.0125,NN,60.0,ref_value,40.0
p5_prices,1.0,180.0,0.0125,NN,60.0,z_vs_ref,
p5_prices,1.0,180.0,0.0125,ref-boundary policy,60.0,mean,40.0
p5_prices,1.0,180.0,0.0125,ref-boundary policy,60.0,se,0.0
p5_prices,1.0,180.0,0.0125,ref-boundary policy,60.0,ci_lo,40.0
p5_prices,1.0,180.0,0.0125,ref-boundary policy,60.0,ci_hi,40.0
p5_prices,1.0,180.0,0.0125,ref-boundary policy,60.0,ref_value,40.0
p5_prices,1.0,180.0,0.0125,ref-boundary policy,60.0,z_vs_ref,
p5_prices,1.0,180.0,0.0125,LS,80.0,mean,22.016996231811692
p5_prices,1.0,180.0,0.0125,LS,80.0,se,0.06174555902170179
p5_prices,1.0,180.0,0.0125,LS,80.0,ci_lo,21.895974936129157
p5_prices,1.0,180.0,0.0125,LS,80.0,ci_hi,22.138017527494227
p5_prices,1.0,180.0,0.0125,LS,80.0,ref_value,22.109550519658736
p5_prices,1.0,180.0,0.0125,LS,80.0,z_vs_ref,-1.4989626673314855
p5_prices,1.0,180.0,0.0125,NN,80.0,mean,22.028646615511718
p5_prices,1.0,180.0,0.0125,NN,80.0,se,0.05791027933421382
p5_prices,1.0,180.0,0.0125,NN,80.0,ci_lo,21.915142468016658
p5_prices,1.0,180.0,0.0125,NN,80.0,ci_hi,22.14215076300678
p5_prices,1.0,180.0,0.0125,NN,80.0,ref_value,22.109550519658736
p5_prices,1.0,180.0,0.0125,NN,80.0,z_vs_ref,-1.397056016257536
p5_prices,1.0,180.0,0.0125,ref-boundary policy,80.0,mean,22.041169789957436
p5_prices,1.0,180.0,0.0125,ref-boundary policy,80.0,se,0.059428681944716386
p5_prices,1.0,180.0,0.0125,ref-boundary policy,80.0,ci_lo,21.92468957334579
p5_prices,1.0,180.0,0.0125,ref-boundary policy,80.0,ci_hi,22.15765000656908
p5_prices,1.0,180.0,0.0125,ref-boundary policy,80.0,ref_value,22.109550519658736
p5_prices,1.0,180.0,0.0125,ref-boundary policy,80.0,z_vs_ref,-1.150635138852835
p5_prices,1.0,180.0,0.0125,LS,100.0,mean,10.042579765864163
p5_prices,1.0,180.0,0.0125,LS,100.0,se,0.05445908800694334
p5_prices,1.0,180.0,0.0125,LS,100.0,ci_lo,9.935839953370554
p5_prices,1.0,180.0,0.0125,LS,100.0,ci_hi,10.149319578357773
p5_prices,1.0,180.0,0.0125,LS,100.0,ref_value,10.126405227769476
p5_prices,1.0,180.0,0.0125,LS,100.0,z_vs_ref,-1.5392373426199444
p5_prices,1.0,180.0,0.0125,NN,100.0,mean,10.047684100053734
p5_prices,1.0,180.0,0.0125,NN,100.0,se,0.052800746912308384
p5_prices,1.0,180.0,0.0125,NN,100.0,ci_lo,9.94419463610561
p5_prices,1.0,180.0,0.0125,NN,100.0,ci_hi,10.151173564001859
p5_prices,1.0,180.0,0.0125,NN,100.0,ref_value,10.126405227769476
p5_prices,1.0,180.0,0.0125,NN,100.0,z_vs_ref,-1.490909358658923
p5_prices,1.0,180.0,0.0125,ref-boundary policy,100.0,mean,10.0861807945279
p5_prices,1.0,180.0,0.0125,ref-boundary policy,100.0,se,0.05271617656449018
p5_prices,1.0,180.0,0.0125,ref-boundary policy,100.0,ci_lo,9.982857088461499
p5_prices,1.0,180.0,0.0125,ref-boundary policy,100.0,ci_hi,10.189504500594301
p5_prices,1.0,180.0,0.0125,ref-boundary policy,100.0,ref_value,10.126405227769476
p5_prices,1.0,180.0,0.0125,ref-boundary policy,100.0,z_vs_ref,-0.7630377592420376
p5_prices,2.0,360.0,0.0,LS,60.0,mean,40.0
p5_prices,2.0,360.0,0.0,LS,60.0,se,0.0
p5_prices,2.0,360.0,0.0,LS,60.0,ci_lo,40.0
p5_prices,2.0,360.0,0.0,LS,60.0,ci_hi,40.0
p5_prices,2.0,360.0,0.0,LS,60.0,ref_value,40.0
p5_prices,2.0,360.0,0.0,LS,60.0,z_vs_ref,
p5_prices,2.0,360.0,0.0,NN,60.0,mean,40.0
p5_prices,2.0,360.0,0.0,NN,60.0,se,0.0
p5_prices,2.0,360.0,0.0,NN,60.0,ci_lo,40.0
p5_prices,2.0,360.0,0.0,NN,60.0,ci_hi,40.0
p5_prices,2.0,360.0,0.0,NN,60.0,ref_value,40.0
p5_prices,2.0,360.0,0.0,NN,60.0,z_vs_ref,
p5_prices,2.0,360.0,0.0,ref-boundary policy,60.0,mean,40.0
p5_prices,2.0,360.0,0.0,ref-boundary policy,60.0,se,0.0
p5_prices,2.0,360.0,0.0,ref-boundary policy,60.0,ci_lo,40.0
p5_prices,2.0,360.0,0.0,ref-boundary policy,60.0,ci_hi,40.0
p5_prices,2.0,360.0,0.0,ref-boundary policy,60.0,ref_value,40.0
p5_prices,2.0,360.0,0.0,ref-boundary policy,60.0,z_vs_ref,
p5_prices,2.0,360.0,0.0,LS,80.0,mean,20.600948364858954
p5_prices,2.0,360.0,0.0,LS,80.0,se,0.05543849629761558
p5_prices,2.0,360.0,0.0,LS,80.0,ci_lo,20.49228891211563
p5_prices,2.0,360.0,0.0,LS,80.0,ci_hi,20.70960781760228
p5_prices,2.0,360.0,0.0,LS,80.0,ref_value,20.87098950055635
p5_prices,2.0,360.0,0.0,LS,80.0,z_vs_ref,-4.871003972541222
p5_prices,2.0,360.0,0.0,NN,80.0,mean,20.633082223636443
p5_prices,2.0,360.0,0.0,NN,80.0,se,0.054690639656286816
p5_prices,2.0,360.0,0.0,NN,80.0,ci_lo,20.52588856991012
p5_prices,2.0,360.0,0.0,NN,80.0,ci_hi,20.740275877362766
p5_prices,2.0,360.0,0.0,NN,80.0,ref_value,20.87098950055635
p5_prices,2.0,360.0,0.0,NN,80.0,z_vs_ref,-4.350054751874914
p5_prices,2.0,360.0,0.0,ref-boundary policy,80.0,mean,20.849497749461122
p5_prices,2.0,360.0,0.0,ref-boundary policy,80.0,se,0.04468591310579117
p5_prices,2.0,360.0,0.0,ref-boundary policy,80.0,ci_lo,20.76191335977377
p5_prices,2.0,360.0,0.0,ref-boundary policy,80.0,ci_hi,20.937082139148472
p5_prices,2.0,360.0,0.0,ref-boundary policy,80.0,ref_value,20.87098950055635
p5_prices,2.0,360.0,0.0,ref-boundary policy,80.0,z_vs_ref,-0.48095136926819215
p5_prices,2.0,360.0,0.0,LS,100.0,mean,8.585658443965634
p5_prices,2.0,360.0,0.0,LS,100.0,se,0.04979280994593799
p5_prices,2.0,360.0,0.0,LS,100.0,ci_lo,8.488064536471596
p5_prices,2.0,360.0,0.0,LS,100.0,ci_hi,8.683252351459673
p5_prices,2.0,360.0,0.0,LS,100.0,ref_value,8.80914257676589
p5_prices,2.0,360.0,0.0,LS,100.0,z_vs_ref,-4.488281200496633
p5_prices,2.0,360.0,0.0,NN,100.0,mean,8.593434849306707
p5_prices,2.0,360.0,0.0,NN,100.0,se,0.04957393065625019
p5_prices,2.0,360.0,0.0,NN,100.0,ci_lo,8.496269945220456
p5_prices,2.0,360.0,0.0,NN,100.0,ci_hi,8.690599753392958
p5_prices,2.0,360.0,0.0,NN,100.0,ref_value,8.80914257676589
p5_prices,2.0,360.0,0.0,NN,100.0,z_vs_ref,-4.351233089724483
p5_prices,2.0,360.0,0.0,ref-boundary policy,100.0,mean,8.714510111587215
p5_prices,2.0,360.0,0.0,ref-boundary policy,100.0,se,0.04473106254307433
p5_prices,2.0,360.0,0.0,ref-boundary policy,100.0,ci_lo,8.626837229002788
p5_prices,2.0,360.0,0.0,ref-boundary policy,100.0,ci_hi,8.802182994171641
p5_prices,2.0,360.0,0.0,ref-boundary policy,100.0,ref_value,8.80914257676589
p5_prices,2.0,360.0,0.0,ref-boundary policy,100.0,z_vs_ref,-2.115587240690906
p5_prices,3.0,360.0,0.0125,LS,60.0,mean,40.0
p5_prices,3.0,360.0,0.0125,LS,60.0,se,0.0
p5_prices,3.0,360.0,0.0125,LS,60.0,ci_lo,40.0
p5_prices,3.0,360.0,0.0125,LS,60.0,ci_hi,40.0
p5_prices,3.0,360.0,0.0125,LS,60.0,ref_value,40.0
p5_prices,3.0,360.0,0.0125,LS,60.0,z_vs_ref,
p5_prices,3.0,360.0,0.0125,NN,60.0,mean,39.954964249564206
p5_prices,3.0,360.0,0.0125,NN,60.0,se,0.021021101416420006
p5_prices,3.0,360.0,0.0125,NN,60.0,ci_lo,39.91376289078802
p5_prices,3.0,360.0,0.0125,NN,60.0,ci_hi,39.99616560834039
p5_prices,3.0,360.0,0.0125,NN,60.0,ref_value,40.0
p5_prices,3.0,360.0,0.0125,NN,60.0,z_vs_ref,-2.142406791330903
p5_prices,3.0,360.0,0.0125,ref-boundary policy,60.0,mean,40.0
p5_prices,3.0,360.0,0.0125,ref-boundary policy,60.0,se,0.0
p5_prices,3.0,360.0,0.0125,ref-boundary policy,60.0,ci_lo,40.0
p5_prices,3.0,360.0,0.0125,ref-boundary policy,60.0,ci_hi,40.0
p5_prices,3.0,360.0,0.0125,ref-boundary policy,60.0,ref_value,40.0
p5_prices,3.0,360.0,0.0125,ref-boundary policy,60.0,z_vs_ref,
p5_prices,3.0,360.0,0.0125,LS,80.0,mean,22.087031994549903
p5_prices,3.0,360.0,0.0125,LS,80.0,se,0.06285421467965828
p5_prices,3.0,360.0,0.0125,LS,80.0,ci_lo,21.963837733777773
p5_prices,3.0,360.0,0.0125,LS,80.0,ci_hi,22.210226255322034
p5_prices,3.0,360.0,0.0125,LS,80.0,ref_value,22.110207208547408
p5_prices,3.0,360.0,0.0125,LS,80.0,z_vs_ref,-0.36871376272249573
p5_prices,3.0,360.0,0.0125,NN,80.0,mean,22.027305966777355
p5_prices,3.0,360.0,0.0125,NN,80.0,se,0.05470283895275043
p5_prices,3.0,360.0,0.0125,NN,80.0,ci_lo,21.920088402429965
p5_prices,3.0,360.0,0.0125,NN,80.0,ci_hi,22.134523531124746
p5_prices,3.0,360.0,0.0125,NN,80.0,ref_value,22.110207208547408
p5_prices,3.0,360.0,0.0125,NN,80.0,z_vs_ref,-1.5154833525488225
p5_prices,3.0,360.0,0.0125,ref-boundary policy,80.0,mean,22.10997053684711
p5_prices,3.0,360.0,0.0125,ref-boundary policy,80.0,se,0.05967839036227139
p5_prices,3.0,360.0,0.0125,ref-boundary policy,80.0,ci_lo,21.993000891737058
p5_prices,3.0,360.0,0.0125,ref-boundary policy,80.0,ci_hi,22.226940181957165
p5_prices,3.0,360.0,0.0125,ref-boundary policy,80.0,ref_value,22.110207208547408
p5_prices,3.0,360.0,0.0125,ref-boundary policy,80.0,z_vs_ref,-0.003965785586033862
p5_prices,3.0,360.0,0.0125,LS,100.0,mean,10.071607095409604
p5_prices,3.0,360.0,0.0125,LS,100.0,se,0.05483738245974884
p5_prices,3.0,360.0,0.0125,LS,100.0,ci_lo,9.964125825788496
p5_prices,3.0,360.0,0.0125,LS,100.0,ci_hi,10.179088365030712
p5_prices,3.0,360.0,0.0125,LS,100.0,ref_value,10.126965081803945
p5_prices,3.0,360.0,0.0125,LS,100.0,z_vs_ref,-1.0094935956320397
p5_prices,3.0,360.0,0.0125,NN,100.0,mean,10.068484866122697
p5_prices,3.0,360.0,0.0125,NN,100.0,se,0.051621902733803356
p5_prices,3.0,360.0,0.0125,NN,100.0,ci_lo,9.967305936764442
p5_prices,3.0,360.0,0.0125,NN,100.0,ci_hi,10.169663795480952
p5_prices,3.0,360.0,0.0125,NN,100.0,ref_value,10.126965081803945
p5_prices,3.0,360.0,0.0125,NN,100.0,z_vs_ref,-1.1328566477452588
p5_prices,3.0,360.0,0.0125,ref-boundary policy,100.0,mean,10.094812693580433
p5_prices,3.0,360.0,0.0125,ref-boundary policy,100.0,se,0.05282828454000108
p5_prices,3.0,360.0,0.0125,ref-boundary policy,100.0,ci_lo,9.991269255882031
p5_prices,3.0,360.0,0.0125,ref-boundary policy,100.0,ci_hi,10.198356131278835
p5_prices,3.0,360.0,0.0125,ref-boundary policy,100.0,ref_value,10.126965081803945
p5_prices,3.0,360.0,0.0125,ref-boundary policy,100.0,z_vs_ref,-0.6086207133825532
p5_boundary_error,0.0,180.0,0.0,LS,,E_mean,0.06871175499677888
p5_boundary_error,0.0,180.0,0.0,LS,,E_max,0.20352358518329183
p5_boundary_error,0.0,180.0,0.0,NN,,E_mean,0.07175318764059722
p5_boundary_error,0.0,180.0,0.0,NN,,E_max,0.22222268226893063
p5_boundary_error,1.0,180.0,0.0125,LS,,E_mean,0.03389241277404102
p5_boundary_error,1.0,180.0,0.0125,LS,,E_max,0.2370705275080035
p5_boundary_error,1.0,180.0,0.0125,NN,,E_mean,0.017417811307373056
p5_boundary_error,1.0,180.0,0.0125,NN,,E_max,0.15507711618121917
p5_boundary_error,2.0,360.0,0.0,LS,,E_mean,0.0638759891753961
p5_boundary_error,2.0,360.0,0.0,LS,,E_max,0.21854146919598008
p5_boundary_error,2.0,360.0,0.0,NN,,E_mean,0.061940798475682506
p5_boundary_error,2.0,360.0,0.0,NN,,E_max,0.2197362122140069
p5_boundary_error,3.0,360.0,0.0125,LS,,E_mean,0.03715633367440387
p5_boundary_error,3.0,360.0,0.0125,LS,,E_max,0.29155963956063524
p5_boundary_error,3.0,360.0,0.0125,NN,,E_mean,0.042552104011518585
p5_boundary_error,3.0,360.0,0.0125,NN,,E_max,0.17269366894209143
p5_N_effect,,,,,,E_mean_ref360_vs_ref180[delta=0.0],0.0025612409697467788
p5_N_effect,,,,,,E_mean_ref360_vs_ref180[delta=0.0125],0.0007834805103782317
p1_ordering_checks,,,,LS,,A[N=180],0
p1_ordering_checks,,,,LS,,B[N=180],0.0
p1_ordering_checks,,,,LS,,F[N=180],0.06640500076281612
p1_ordering_checks,,,,NN,,A[N=180],21
p1_ordering_checks,,,,NN,,B[N=180],0.05147583595945591
p1_ordering_checks,,,,NN,,F[N=180],0.081677411103922
p1_ordering_checks,,,,ref,,A[N=180],0
p1_ordering_checks,,,,ref,,B[N=180],0.0
p1_ordering_checks,,,,ref,,F[N=180],0.0
p1_ordering_checks,,,,ref: max (V0 - V0.0125)^+ $,,A[N=180],
p1_ordering_checks,,,,ref: max (V0 - V0.0125)^+ $,,B[N=180],
p1_ordering_checks,,,,ref: max (V0 - V0.0125)^+ $,,F[N=180],0.0
p1_ordering_checks,,,,LS,,A[N=360],0
p1_ordering_checks,,,,LS,,B[N=360],0.0
p1_ordering_checks,,,,LS,,F[N=360],0.09384635248961558
p1_ordering_checks,,,,NN,,A[N=360],36
p1_ordering_checks,,,,NN,,B[N=360],0.05121333193761018
p1_ordering_checks,,,,NN,,F[N=360],0.1718414835493813
p1_ordering_checks,,,,ref,,A[N=360],0
p1_ordering_checks,,,,ref,,B[N=360],0.0
p1_ordering_checks,,,,ref,,F[N=360],0.0
p1_ordering_checks,,,,ref: max (V0 - V0.0125)^+ $,,A[N=360],
p1_ordering_checks,,,,ref: max (V0 - V0.0125)^+ $,,B[N=360],
p1_ordering_checks,,,,ref: max (V0 - V0.0125)^+ $,,F[N=360],0.0
p5_perturbation,3.0,360.0,0.0125,NN,100.0,mean_diff[a=-0.02],0.021843802690027763
p5_perturbation,3.0,360.0,0.0125,NN,100.0,se_diff[a=-0.02],0.010517071831943224
p5_perturbation,3.0,360.0,0.0125,NN,100.0,mean_diff[a=0.0],0.0
p5_perturbation,3.0,360.0,0.0125,NN,100.0,se_diff[a=0.0],0.0
p5_perturbation,3.0,360.0,0.0125,NN,100.0,mean_diff[a=0.02],-0.01616048526773737
p5_perturbation,3.0,360.0,0.0125,NN,100.0,se_diff[a=0.02],0.011424229529280721
timing_eval,0.0,180.0,0.0,,,evaluation_3_policies_s,1.0749430649999852
timing_eval,1.0,180.0,0.0125,,,evaluation_3_policies_s,0.9864189930000009
timing_eval,2.0,360.0,0.0,,,evaluation_3_policies_s,1.9293705779999755
timing_eval,3.0,360.0,0.0125,,,evaluation_3_policies_s,1.8344324180000058
timing_eval,3.0,360.0,0.0125,,,perturbation_s,1.8241531790000067
environment,,,,,,python,3.11.15
environment,,,,,,numpy,2.4.4
environment,,,,,,scipy,1.17.1
environment,,,,,,pandas,3.0.2
environment,,,,,,torch,2.14.0+cu130
environment,,,,,,cpu_threads,2
environment,,,,,,machine,x86_64
environment,,,,,,processor,x86_64
environment,,,,,,accelerator,none (CPU)
environment,,,,,,precision_sim_eval,float64
environment,,,,,,precision_nn_training,float32
environment,,,,,,reference_source,supplied
